"Cluster","Extraversion","Agreeableness","Conscientiousness","Neuroticism","Openness","SURPS_Impulsivity","SURPS_Sensation_Seeking","SURPS_Hopelessness","SURPS_Anxiety_Sensitivity","DBAS_Expectations","DBAS_Medications","DBAS_Worry_Helplessness","DBAS_Consequences","CISS_Avoidance_Style","CISS_Task_Style","CISS_Emotional_Style","N"
1,5.84791666666667,7.14557291666667,7.88046875,7.00911458333333,7.1453125,11.1182291666667,12.0080729166667,15.8236979166667,14.20390625,6.95364583333333,6.03133680555556,7.06766493055556,6.78223958333333,19.8153645833333,24.8700520833333,22.8393229166667,192
2,6.94780487804878,8.14463414634146,8.86609756097561,4.72609756097561,7.10243902439024,9.02341463414634,11.7482926829268,12.6117073170732,12.0119512195122,5.62817073170732,5.38292682926829,5.25784552845528,4.71043902439024,19.7590243902439,26.8824390243902,16.4958536585366,205
