"term","estimate","std.error","statistic","df","p.value","2.5 %","97.5 %","conf.low","conf.high","OR","OR_lower","OR_upper","Significance"
"DBAS_Medications",-0.333957387481098,0.0692381838923577,-4.82331235031078,261.773713723582,2.39885838623362e-06,-0.470292053017921,-0.197622721944275,-0.470292053017921,-0.197622721944275,0.716084295732663,0.625212161836729,0.820164337636241,"***"
"CISS_Emotion",-0.0161916607363962,0.0238929980017561,-0.677673883168874,249.056487471982,0.498607536916182,-0.0632497490547295,0.030866427581937,-0.0632497490547295,0.030866427581937,0.983938719562648,0.938922876481232,1.03111280820298,""
