"term","OR","OR_lower","OR_upper","estimate","std.error","p.value","Significance"
"DBAS_Medications",0.64862349338383,0.538950569770812,0.780614141197309,-0.432902864081545,0.0945043650442542,7.42631070302606e-06,"***"
"Extraversion",1.18570371733336,1.03949896323571,1.3524720610802,0.170336452615167,0.0671416437081502,0.0118479180814496,"*"
"DBAS_Total",1.04059708034079,0.981009277961547,1.10380432472956,0.0397946641242058,0.0300857275146288,0.186956205013457,""
"CISS_Emotion",0.983402962382331,0.934314169842884,1.03507087619678,-0.0167363116208638,0.0261256201075361,0.522422893625026,""
