"Metric","Mean","SD","CI_95"
"AUC",0.722824302134647,0.0207265336215142,"[0.682, 0.763]"
"Accuracy",0.719349005424955,0.0487828145268796,"[0.624, 0.815]"
"Sensitivity",0.674829931972789,0.11226369178275,"[0.455, 0.895]"
"Specificity",0.735467980295566,0.101910721819516,"[0.536, 0.935]"
"Precision",0.498563957404479,0.0757756076285942,"[0.35, 0.647]"
"F1",0.561252581886164,0.0273981946488618,"[0.508, 0.615]"
