"Metric","Mean","SD","CI_95"
"AUC",0.710385878489327,0.0208118711417924,"[0.67, 0.751]"
"Accuracy",0.807594936708861,0.0286731479331312,"[0.751, 0.864]"
"Sensitivity",0.544444444444444,0.0692704443003426,"[0.409, 0.68]"
"Specificity",0.902873563218391,0.0564585768457655,"[0.792, 1]"
"Precision",0.69626446003639,0.109903246074168,"[0.481, 0.912]"
"F1",0.600824639419446,0.03199421474654,"[0.538, 0.664]"
