"Metric","Mean","SD","CI_Lower","CI_Upper","CI_95"
"AUC",0.649799382716049,0.0605826939714558,0.531057302531996,0.768541462900103,"[0.531, 0.769]"
"Accuracy",0.70042735042735,0.110516386552539,0.483815232784373,0.917039468070328,"[0.484, 0.917]"
"Sensitivity",0.605555555555556,0.181844061395922,0.249141195219549,0.961969915891562,"[0.249, 0.962]"
"Specificity",0.728888888888889,0.190478995600582,0.355550057511749,1,"[0.356, 1]"
"Precision",0.458698148595122,0.136215700463997,0.191715375685688,0.725680921504556,"[0.192, 0.726]"
"F1",0.487181000333964,0.0553486027720651,0.378697738900716,0.595664261767211,"[0.379, 0.596]"
