"Metric","Mean","SD","CI_Lower","CI_Upper","CI_95"
"AUC",0.658214285714286,0.0443661288680792,0.57125667313285,0.745171898295721,"[0.571, 0.745]"
"Accuracy",0.68974358974359,0.0857098196432431,0.521752343242833,0.857734836244346,"[0.522, 0.858]"
"Sensitivity",0.611111111111111,0.174125056271336,0.269826000819292,0.95239622140293,"[0.27, 0.952]"
"Specificity",0.713333333333333,0.15638899046886,0.406810912014367,1,"[0.407, 1]"
"Precision",0.438905404932497,0.145433698831686,0.153855355222393,0.723955454642602,"[0.154, 0.724]"
"F1",0.474375273479703,0.0532470911302654,0.370010974864383,0.578739572095024,"[0.37, 0.579]"
