"Variable","MeanDecreaseAccuracy","MeanDecreaseGini","SD_MDA","SD_MDG","Domain"
"DBAS_Medications",23.6435735145346,43.3977164593257,7.44221304768193,1.6896376303062,"Sleep Beliefs (DBAS)"
"CISS_Emotion",0.634785846298657,32.1434127839976,6.07298885868197,1.21032571806616,"Coping (CISS)"
