"Variable","MeanDecreaseAccuracy","MeanDecreaseGini","SD_MDA","SD_MDG","Domain"
"DBAS_Medications",22.8236499682597,37.6443419836743,6.96327164646404,1.87191748436169,"Sleep Beliefs (DBAS)"
"DBAS_Worry_Helplessness",3.35151200835105,33.4980187221148,3.82006262539132,1.25555174171321,"Sleep Beliefs (DBAS)"
"CISS_Task",0.343742527271577,26.4062678127506,5.25320598274083,1.31130208541626,"Coping (CISS)"
