"Variable","MeanDecreaseAccuracy","MeanDecreaseGini","SD_MDA","SD_MDG","Domain"
"DBAS_Medications",30.2133515332109,33.2137134119005,7.83081025418321,2.26460765931165,"Sleep Beliefs (DBAS)"
"Extraversion",13.0525523196099,17.3337129658024,5.18057106533481,1.19524326789439,"Personality (BFI)"
"DBAS_Total",7.6522916202575,39.4906793207768,5.41333418058881,1.86932873866401,"Sleep Beliefs (DBAS)"
"CISS_Emotion",5.24066929567155,24.4364836432121,4.31326672113795,1.34699320813249,"Coping (CISS)"
