"Metric","Mean","SD","CI_95"
"AUC",0.651219135802469,0.0608018660843173,"[0.532, 0.77]"
"Accuracy",0.703846153846154,0.123216377669701,"[0.462, 0.945]"
"Sensitivity",0.609259259259259,0.199767496471564,"[0.218, 1]"
"Specificity",0.732222222222222,0.213972342777796,"[0.313, 1]"
"Precision",0.484482570385308,0.160708017901639,"[0.169, 0.799]"
"F1",0.492837753665273,0.058376504755406,"[0.378, 0.607]"
